article,comment,created,likes,dislikes
Tesla-Karte: 1. deutscher Supercharger f√ºr Fremdmarken > teslamag.de,"In Lauenau wartet man inzwischen auch schon Mal obwohl vor kurzem die S√§ulen von 8 auf 12 erh√∂ht wurden... Wenn jetzt noch Fremdfabrikate dazu kommen hat Tesla f√ºr mich 3 von 4 Gr√ºnden einen Tesla zu fahren verloren... Software seit dem Update verschlimmbessert, Strompreise auch nicht mehr besonders und Tesla Ladenetz wird dann auch keinen Vorteil mehr bringen... Was Effizienz und Fahrspa√ü angeht holen die anderen auf.. Model s auf das ich eigentlich warte, kommt irgendwann vielleicht und dann mit 3  verschlimmbesserungen, die man wohl nicht Mal gegen Aufpreis weg kriegt (Lenkrad, Blinkerhebel und Gangwahlhebel sind ja wohl weg gefallen...)
Tesla wird Grad immer beliebiger und verliert seine Alleinstellungsmerkmale... Dazu Haut elon noch tweets raus, bei denen ich mir bei jedem zweiten frage, was bei ihm nicht stimmt..",2022-06-05T11:41:14,4,0
Tesla-Karte: 1. deutscher Supercharger f√ºr Fremdmarken > teslamag.de,"Das hatte sich gestern bereits wieder erledigt, der Hinweis fehlt nun. Vermutlich wurde Limburg(Lahn so angezeigt, weil bisher Limburg in den Niederlanden als ""free"" eingetragen war und die Namensgleichheit f√ºr den Hinweis sorgte.",2022-06-05T06:19:59,2,0
Supercharger-√ñffnung: Tesla testet in Niederlanden mit zehn Standorten > teslamag.de,"In die Niederlande 0.57‚Ç¨ pro Kw und mit Membership (13‚Ç¨ pro Monat) 0,24 ‚Ç¨ pro Kw.",2021-11-01T14:44:47,5,0
Supercharger-√ñffnung: Tesla testet in Niederlanden mit zehn Standorten > teslamag.de,"Was da der Tesla kWh Preis in den NL um mal ein Vergleich zu haben?

Haut der Tarif so hin?
Da w√ºrde sich die Grundgeb√ºhr ja schon beim ersten oder 2. Laden rechnen und billiger sein als f√ºr Tesla Kunden wenn sie viel fahren.",2021-11-01T14:53:27,1,0
Supercharger-√ñffnung: Tesla testet in Niederlanden mit zehn Standorten > teslamag.de,"afaik ‚Ç¨0,25/kWh",2021-11-01T14:59:17,2,0
Supercharger-√ñffnung: Tesla testet in Niederlanden mit zehn Standorten > teslamag.de,"super, dann fahren bald alle Tesla Fahrer in die Niederlande zum Laden ü§£ü§£",2021-11-01T15:29:49,0,0
Supercharger-√ñffnung: Tesla testet in Niederlanden mit zehn Standorten > teslamag.de,"Theoretisch reicht eine Mitgliedschaft f√ºr einen kleineren Fuhrpark. 
Wenn 5 mal am Tagen laden okay ist. 

Da hat die Sekret√§rin ein Dienst -Tank I-Phon auf dem Tisch. 

24 Cent je kWh. Ist Strom so viel billiger in den Niederlanden?",2021-11-01T19:57:42,0,0
Supercharger-√ñffnung: Tesla testet in Niederlanden mit zehn Standorten > teslamag.de,Zu teuer....also uninteressant,2021-11-01T16:44:49,0,1
Supercharger-√ñffnung: Tesla testet in Niederlanden mit zehn Standorten > teslamag.de,"Sehr gut. Dann zahlen die ganzen ""Fremdfabrikatfahrer"" den weiteren Ausbau.
Wer macht denn noch freiwillig bei der Ionity und Co. Lotterie mit, wenn er am SuC laden kann?",2021-11-01T15:18:48,3,0
Supercharger-√ñffnung: Tesla testet in Niederlanden mit zehn Standorten > teslamag.de,"Niederlande...!!! 
In DE wirds wohl mehr werden. Schlie√ülich zahlen die Teslafahrer hier 40ct. Dann werdens hier 70ct oder 20‚Ç¨ GG und 50ct.
Da lockt man dann hier keinen von ionity und EnBW weg. Viel zu teuer... 
Warum sollte ich an den SuC wenn ich viel mehr zahle? 

Eher Wunschtraum mancher Fans von Tesla......",2021-11-01T16:43:56,0,0
Supercharger-√ñffnung: Tesla testet in Niederlanden mit zehn Standorten > teslamag.de,"Mr. F....

Ist das mit den orakelten Preisen f√ºr D eher Dein Wunschtraum?

Ich vermute, D wird noch lange auf sich warten lassen. In D gibt es ja noch das Nebenthema ""eichrechtskonform"". Ich k√∂nnte mir vorstellen, das bremst.",2021-11-01T17:22:40,0,0
Supercharger-√ñffnung: Tesla testet in Niederlanden mit zehn Standorten > teslamag.de,"Ich w√ºrde vermuten, dass auch in Zukunft: ‚Äûliegt auf dem Weg, passt von SoC und da ist vermutlich was frei‚Äú haupts√§chlich entscheidend sein wird, gefolgt von der Frage, was der Spa√ü kostet.",2021-11-01T16:06:28,0,0
Supercharger-√ñffnung: Tesla testet in Niederlanden mit zehn Standorten > teslamag.de,"Erst mal abwarten, wie gut die Tesla-Ladepunkte mit den Fermdfabrikaten klar kommen. Noch wissen wir nicht, wo die Chancen auf einen 'Lotteriegewinn' gr√∂√üer sind.",2021-11-01T15:47:50,0,0
Supercharger-√ñffnung: Tesla testet in Niederlanden mit zehn Standorten > teslamag.de,"Der Vorteil ist aber schonmal das S√§ule, S√§ulenbetreiber als auch App von einem Hersteller kommen.

Bei anderen ist oft die S√§ule von Hersteller A, der Betreiber der S√§ule von Konzern B, und die App von Anbieter C. Und keiner hat was mit dem anderen zu tun wenn es um das jeweilige Unternehmen selbst geht.

Das die fremden eAutos bei Tesla problemlos laden konnten hatten wir ja bereits gesehen. Und schlechter als die Konkurrenz wo es nicht geht k√∂nnen sie ja nicht werden. Man hat dennoch mehr zur Auswahl. Auch wenn es mal hapern sollte.

Bin gespannt was es Wirtschaftlich mit den Verkauf von Teslas macht wenn der USP verloren geht. Denke jetzt kann man problemlos auch mit nem ID.3 oder Enyaq zum Nordkap fahren ohne Angst zu haben. Vorher hat es immer Abenteuer oder ein Tesla gebraucht.",2021-11-01T16:48:51,5,0
Supercharger-√ñffnung: Tesla testet in Niederlanden mit zehn Standorten > teslamag.de,"Tesla hat wie Apple keine Luft an das Herz rangelassen. Dank bester Beziehungen zu VW,  wird VW Niederlande wohl schon alle diese SuC getestet haben. 

Sowas macht keiner laut, das geh√∂rt sich so, wenn man sich auf Augenh√∂he verst√§ndigt.  Genau so, wird Tesla sicher etwas dazu sagen k√∂nnen, wie andere Netze  in der Realit√§t funktionierten, denn das Tesla Autos alles protokollieren k√∂nnen (Ladeversuche, Ladevorgang) ist ja Allgemeinwissen. 

Alle Konzerne haben ein gro√ües Interesse, das Thema Laden als Problem und Vorurteil endg√ºltig und sehr kurzfristig abzur√§umen. 

Ein Wachstum von > 25 bis hin zu 100%  im Jahr, kann nur aufgehen, wenn die Kunden die Autoh√§user st√ºrmen.",2021-11-01T18:49:24,0,0
Supercharger-√ñffnung: Tesla testet in Niederlanden mit zehn Standorten > teslamag.de,,2021-11-02T06:38:47,0,0
Supercharger-√ñffnung: Tesla testet in Niederlanden mit zehn Standorten > teslamag.de,"An den Entscheidungen von VW, GM und Ford, die ja alle in den letzten Monaten  weitreichende Entscheidungen zum Ladenetz getroffen haben. 
Das Tesla auch erst vor wenigen Tagen angek√ºndigt hat, auch in Europa den Buster  zu z√ºnden , haben wir ja alle mitbekommen.",2021-11-02T10:21:04,0,0
Supercharger-√ñffnung: Tesla testet in Niederlanden mit zehn Standorten > teslamag.de,Beim 3 Absatz bin ich mir nicht so sicher.,2021-11-01T18:52:24,0,0
Supercharger-√ñffnung: Tesla testet in Niederlanden mit zehn Standorten > teslamag.de,"Ich w√ºrde ja vermuten, dass bei TESLA ein...zwei Ing. angestellt sind, die schonmal etwas von Normung geh√∂rt haben. Eventuell gibt es auch den einen oder anderen Mitarbeiter, der mit einem gemieteten Fremdfahrzeug das h√§tte schonmal testen k√∂nnen....


#Kopfsch√ºttel#",2021-11-01T16:12:25,4,0
Supercharger-√ñffnung: Tesla testet in Niederlanden mit zehn Standorten > teslamag.de,OT: Habe soeben live mitverfolgt wie tsla gerade die 1200 geknackt hat....,2021-11-01T19:55:07,1,0
Supercharger-√ñffnung: Tesla testet in Niederlanden mit zehn Standorten > teslamag.de,"1.207 $. 

Gl√ºckwunsch den Gl√ºckspilzen. 

1.209 $ 

Das sind > 6.000 $ in der alten Aktie.  Da w√§re ein Einstig bei 420 $ echt ein Schn√§ppchen gewesen.",2021-11-01T20:02:14,6,0
Supercharger-√ñffnung: Tesla testet in Niederlanden mit zehn Standorten > teslamag.de,"Jipppii, was f√ºr 7 Tage üçæüçæüçæ",2021-11-01T23:24:19,0,0
Supercharger-√ñffnung: Tesla testet in Niederlanden mit zehn Standorten > teslamag.de,1211,2021-11-01T20:02:50,0,0
Supercharger-√ñffnung: Tesla testet in Niederlanden mit zehn Standorten > teslamag.de,,2021-11-01T20:35:25,0,0
Supercharger-√ñffnung: Tesla testet in Niederlanden mit zehn Standorten > teslamag.de,"Ja, denke ich auch.",2021-11-01T20:43:59,0,0
Supercharger-√ñffnung: Tesla testet in Niederlanden mit zehn Standorten > teslamag.de,"Wenn ich h√§tte tippen m√ºssen, ich h√§tte auf Norwegen getippt.
Nun die Niederlande.


Ich bin gespannt, wie das weitergeht.",2021-11-01T15:21:17,1,0
Supercharger-√ñffnung: Tesla testet in Niederlanden mit zehn Standorten > teslamag.de,,2021-11-01T20:33:37,0,0
Supercharger-√ñffnung: Tesla testet in Niederlanden mit zehn Standorten > teslamag.de,"Solch ""Mist! Mit meinem Auto kann ich aber nur gr√ºtze am SuC laden..."" fliesst vielleicht in die n√§chste Kaufentscheidung mit ein...   ;-))",2021-11-02T11:17:53,0,0
Supercharger-√ñffnung: Tesla testet in Niederlanden mit zehn Standorten > teslamag.de,,2021-11-02T11:25:49,0,0
Supercharger-√ñffnung: Tesla testet in Niederlanden mit zehn Standorten > teslamag.de,"Ich meinte:
Wer denn mit seinem Nicht-TESLA an einem ge√∂ffneten SuC ein nicht so dolles ""Ladeerlebnis"" hat (Dose an der falschen Stelle, Ladeleistung des Autos zu gering...), k√∂nnte diese Erfahrung in Zukunftsentscheidungen einflie√üen lassen. Sprich: sich F√úR einen Tesla beim n√§chsten Kauf entscheiden (oder f√ºr ein anderes Fabrikat mit g√ºnstiger verbauter Dose).",2021-11-02T11:29:13,0,0
Supercharger-√ñffnung: Tesla testet in Niederlanden mit zehn Standorten > teslamag.de,,2021-11-02T11:38:18,0,0
Supercharger-√ñffnung: Tesla testet in Niederlanden mit zehn Standorten > teslamag.de,"Ich glaube gelesen zu haben, auch der Rechtslenker hat die Dose links (dann am Fahrbahnrand).",2021-11-02T11:42:09,0,0
Supercharger-√ñffnung: Tesla testet in Niederlanden mit zehn Standorten > teslamag.de,"Nicht immer, gibt auch mittlerweile Stalls, wo Du vorw√§rts hinfahren musst, ""durchfahren"" musst, etc..",2021-11-01T21:03:23,0,0
Supercharger-√ñffnung: Tesla testet in Niederlanden mit zehn Standorten > teslamag.de,,2021-11-02T11:41:00,0,0
Supercharger-√ñffnung: Tesla testet in Niederlanden mit zehn Standorten > teslamag.de,"""MS85"" hat doch noch nie in einem Tesla gesessen...   ;-))


Ich hatte immer den Verdacht mit ""MS85"" meint er seinen Milchaufsch√§umer oder war¬¥s ne Bohrmaschine?",2021-11-02T11:45:04,0,0
Supercharger-√ñffnung: Tesla testet in Niederlanden mit zehn Standorten > teslamag.de,,2021-11-02T11:53:18,0,0
Supercharger-√ñffnung: Tesla testet in Niederlanden mit zehn Standorten > teslamag.de,Mein Beileid!,2021-11-02T11:55:56,0,0
Supercharger-√ñffnung: Tesla testet in Niederlanden mit zehn Standorten > teslamag.de,"Die geringe Zahl zeigt an, wie wichtig Tesla das Thema ist.  Denn diese 8 werden h√∂chst wahrscheinlich mit einem massiven Support hinterlegt, um ganz schnell alles zu lernen, was beim Laden der ""Blinden und Tauben""  so passieren kann. 

Aufw√§rmphase 1.0

# Innerhalb von 18 Monaten wird die Anzahl der Lades√§ulen verdreifacht. Inklusive der  √úbernahme Standorte Dritter?",2021-11-01T19:01:03,0,0
Supercharger-√ñffnung: Tesla testet in Niederlanden mit zehn Standorten > teslamag.de,"Gem. Tesla Webseite sind es 8 Supercharger-Stationen in NL, welche f√ºr ""Fremde"" ge√∂ffnet sind...",2021-11-01T17:17:28,0,0
Supercharger-√ñffnung: Tesla testet in Niederlanden mit zehn Standorten > teslamag.de,"Gerade die holl√§ndischen Model S und X Fahrer werden da ganz geduldig auf die ID3s und Konsorten warten, bis die zu Ende geladen haben. Gru√ü",2021-11-01T15:04:42,0,0
Supercharger-√ñffnung: Tesla testet in Niederlanden mit zehn Standorten > teslamag.de,"niemand l√§dt sein Auto zu Ende, sondern nur so viel bis man weiter (Ziel, n√§chster charger) kommt.",2021-11-01T17:51:23,1,0
Supercharger-√ñffnung: Tesla testet in Niederlanden mit zehn Standorten > teslamag.de,"Sagen wir mal auf 80%.
Aber warum sollte ein id.3 nen Umweg runter von der Autobahn fahren wenn er g√ºnstiger an der Autobahn l√§dt?
SuC werden f√ºr andere nur Notfalllader sein. Ausser es w√§re preislich attraktiver...
Bin gespannt wieviel in DE werden. 40ct wohl kaum...",2021-11-01T18:59:15,0,0
Supercharger-√ñffnung: Tesla testet in Niederlanden mit zehn Standorten > teslamag.de,"Ist ja auch immer ein wahnsinniger Umweg. Die Verkehrsf√ºhrung an Rastst√§tten ist manchmal so krude, dass die Abfahrt von der Autobahn auch nicht mehr l√§nger ist.

Den Nachteil von Ladepunkten an Rastst√§tten werden viele wahrscheinlich erst verstehen, wenn ihre Seite komplett dich und auf der anderen Seite viel frei ist. Dann darf man schick neben der Autobahn warten, w√§hrend die Kunden aller anderen Ladeanbieter laden und ihre Pause vielleicht sogar in einem richtigen Restaurant verbringen d√ºrfen.
Davon, dass das Konzept f√ºr die Ladeanbieter nicht funktionieren kann, wollen wir jetzt erstmal gar nicht reden.",2021-11-01T19:58:36,1,0
Supercharger-√ñffnung: Tesla testet in Niederlanden mit zehn Standorten > teslamag.de,"Und auch das k√∂nnte bei Autos wie dem Up!, Zoe oder Honda e ziemlich lange dauern, den auch die werden es nutzen wollen.",2021-11-01T18:01:05,0,0
Supercharger-√ñffnung: Tesla testet in Niederlanden mit zehn Standorten > teslamag.de,Bei den Superchargern sind solche Fahrzeuge durch Leistungsteilung Teil vom Konzept. Machen sie sich doch mal eher Sorgen um die meisten anderen Ladeanbieter. Dort werden solche Fahrzeuge auch laden.,2021-11-01T18:13:33,1,0
Erste Tests mit fremden Elektroautos an offenem Tesla-Supercharger > teslamag.de,Klassischer Fall f√ºr einen R√ºckruf: VWe-Mobile haben die Ladebuchsen an der falschen Stelle.,2021-11-05T07:26:06,7,0
Erste Tests mit fremden Elektroautos an offenem Tesla-Supercharger > teslamag.de,"Und in der Realit√§t sieht es so aus, dass ein VW nicht nur einem Teslafahrer einen Platz streitig macht, sondern gleich zwei ;) 

Im Idealfall, k√∂nnen 4 VW einen SC mit 8 Ladestationen f√ºr einen Tesla unbenutzbar machen.",2021-11-05T08:00:46,3,0
Erste Tests mit fremden Elektroautos an offenem Tesla-Supercharger > teslamag.de,"vielleicht sollte man nur bestimmte ""REIHEN"" f√ºr alle freischalten und immer 1 Reihe f√ºr Teslas freihalten?

solange nicht sinnlos hin und her Marken gemixt werden w√ºrde das noch halbwegs gehen.",2021-11-05T11:36:17,0,0
Erste Tests mit fremden Elektroautos an offenem Tesla-Supercharger > teslamag.de,"Wir k√∂nnen davon ausgehen dass Tesla die Lades√§ulen eh anpassen wird. Es ist ja nicht so das keine Erfahrung gesammelt wurde.

Zumal die neuen Anforderungen f√ºr das bisherige System eh nicht mehr relevant sind. Tesla wird sich wieder als flexibler erweisen als sich das die hiesigen Betonk√∂pfe vorstellen k√∂nnen. üòâ",2021-11-06T11:03:57,0,0
Erste Tests mit fremden Elektroautos an offenem Tesla-Supercharger > teslamag.de,"was wird wohl schneller gehen, designt Tesla neue Stalls mit l√§ngeren Kabeln - m√ºsste nicht mal den ganzen Lader ersetzen sondern nur den Stall - oder die anderen OEMs passen sich den SuC an .. ich w√ºrde auf Tesla tippen.",2021-11-05T07:57:13,2,0
Erste Tests mit fremden Elektroautos an offenem Tesla-Supercharger > teslamag.de,"Schon mal diese dicken Kabel genauer angeschaut?!?
Die sind l√§ngst nicht so flexibel, wie ein Benzinschlauch zum Tanken.... und wo soll das l√§ngere Kabel dann hin, wenn der Stecker in die Ladestation geh√§ngt wird.... am Boden irgendwo... evtl. sogar auf dem Platz, wo man drauf fahren kann?!?
Soooo einfach ist die L√∂sung dann doch wieder nicht.


Ein anderer L√∂sungsansatz w√§re, dass man die Kabel nur in die Richtung nehmen kann, wie es ein Tesla ben√∂tigt. Fremdlader m√ºssen dann ein eigenes Verl√§ngerungskabel mitbringen. Wem das nicht passt, soll anderswo laden gehen.


Ich frage mich da, warum sich Tesla mit ihrer einzigartigen guten Infrastruktur den Fremdmarken anpassen soll.... wenn Fremdmarken den Luxus von den Tesla Supercharger geniessen wollen, sollten sie gef√§lligst auch etwas daf√ºr tun.",2021-11-05T08:25:55,1,0
Erste Tests mit fremden Elektroautos an offenem Tesla-Supercharger > teslamag.de,"Es hat schon einen guten Grund warum Verl√§ngerungskabel nicht erlaubt sind.
Und wieso genie√üen? Wo denkst du das 400.000 BEV in Deutschland jetzt schon laden? 
Nicht am SuC jedenfalls. Scheint bisher keiner zu brauchen. Von daher wird das viel zuviel √ºberbewertet.... 

Tesla will ja mehr Geld verdienen dadurch. 
Wenn nicht sollen sies doch einfach lassen....",2021-11-05T16:13:16,0,0
Erste Tests mit fremden Elektroautos an offenem Tesla-Supercharger > teslamag.de,Eine Verkennung der Situation. Die Fremdfabrikate haben beim Laden noch viele Probleme. Und die Gewinnsituation von Tesla wird das nicht so irre beeinflussen..... Wenn sie die Mehreinnahmen in neue sc Standorte packen soll's mir recht sein....,2021-11-05T20:22:31,0,0
Erste Tests mit fremden Elektroautos an offenem Tesla-Supercharger > teslamag.de,,2021-11-05T10:04:32,0,0
Erste Tests mit fremden Elektroautos an offenem Tesla-Supercharger > teslamag.de,"Da bin ich gespannt, ob es eine Anpassung gibt.
Bisher war TESLA eher weniger beeindruckt davon, was europ√§ische Autobauer f√ºr BEV bauen (so mein Eindruck).",2021-11-05T10:09:13,4,0
Erste Tests mit fremden Elektroautos an offenem Tesla-Supercharger > teslamag.de,"Jain - auf CCS hat Tesla umgestellt. Ich denke, dass sie da ganz pragmatisch entscheiden werden. Hauptsache Mission erf√ºllen und wirtschaftlich erfolgreich sein.",2021-11-05T11:00:47,2,0
Erste Tests mit fremden Elektroautos an offenem Tesla-Supercharger > teslamag.de,"CCS war eine Anpassung in Richtung ""Tesla-Fahrer k√∂nnen an der europ√§ischen Ladeinfrastruktur laden"".
Eine Anpassung in Richtung Fremdfabrikate ist vielleicht nochmal etwas anderes.
Aber, wir werden sehen.
Mir (sehr pers√∂nlich) w√§re eine Anordnung von (einem Teil) der Lades√§ulen f√ºr H√§ngerfahrer wichtiger.",2021-11-05T11:04:54,1,0
Erste Tests mit fremden Elektroautos an offenem Tesla-Supercharger > teslamag.de,Lol.  Die m√ºssen gar nix. VW und co sollten dankbar sein...,2021-11-05T20:18:23,1,1
Erste Tests mit fremden Elektroautos an offenem Tesla-Supercharger > teslamag.de,MMD :)),2021-11-05T09:23:55,0,0
Erste Tests mit fremden Elektroautos an offenem Tesla-Supercharger > teslamag.de,"Offensichtlich ist die Nutzung der SuC heute schon auf einem Niveau, dass es vermuten l√§√üt, das Tesla damit deutlich in die Gewinnzone kommt.  Noch ist Gr√ºnheide nicht am Start   und auch noch nicht, ist der Ausbau ( verdreifachen der Ladestationen) richtig angelaufen. 

Die Expansion ins Ladenetz ist mindestens genau <u>Kriegs</u> entscheidend, wie die beiden neuen GF in Texas und Berlin . 

So viel Marge kann Tesla bei der Fertigung eines Autos niemals einfahren, wie an einem neuen SuC beim Stromverkauf.  Klar, die n√∂tigen Finanzmittel sind erheblich. Aber die Basis (stehendes Netz)  generiert ja jetzt schon reichlich Cashflow . 

Auch hier ist das Tempo alles, wie jeder nicht nur beim Einstieg von z.B, BP ins Gesch√§ft sehen kann.  Der Taiwaner mit seinen Wechsel Akkus wird jetzt schon jede Woche 1 Mrd. $ h√∂her bewertet und  mir wird langsam schwindlig ( Ich muss die Aktien haben) . 

<u>Warum? </u>
Weil es ihm gelungen ist, <b>Den </b>Standart zu etablieren. 

Genau das macht im Moment Tesla mit seinen SuC. 
Expansion in Nordamerika, China und Europa 

Wenn die Nutzerzahlen der App gro√ü genug sind, warum nicht dann andere Netze (Regional ) aufkaufen?
Tesla kann jedes Netz √ºbernehmen und den Gesellschaftern locker 100% Aufschlag bieten ( mit Aktien bezahlen)  da gegen schaut VW, BP & Co. alt aus.  Den Aufschlag kann Tesla in unter 3 Jahren locker einspielen, dank seiner eigenen Autos und den Nutzern der App. 

Wie viel Umsatz macht BP Aral an seinen Tankstellen nur in Europa?  
Die Marge von Tesla ist deutlich h√∂her, als die der √ñlkonzerne.  Oder anders formuliert: jeder ‚Ç¨ der Investiert wird, kommt innerhalb von 10 Jahren   7 bis ? mal wieder rein.",2021-11-05T13:32:36,4,0
Erste Tests mit fremden Elektroautos an offenem Tesla-Supercharger > teslamag.de,"Die Frage ist eher, ob Tesla es wirklich n√∂tig haben wird den Wettbewerb aufzukaufen, oder einfach die √úberbleibsel einsammelt welche in das eigene SuC Netz passen.

Da das SuC Netz von Anfang an als Costcenter ausgelegt war, eben eine strategische Investition, ist der nun erfolgende Ausbau nichts weiter als die n√§chste Stufe dieser Strategie. Mit der neuen Kundschaft kann man den Ausbau noch schneller voran treiben und nebenbei auch noch Profite erzielen.

Da man in Deutschland Tesla sein SuC Netz per Gesetz sauer machen wollte, ist es nur logisch dass sie jetzt aus der Not eine Tugend machen.

Es zeigt wie weit Tesla die Nase vorn hat, und wie hoffnungslos der Rest hinter ihnen zur√ºck liegt.

VW gebe ich gute Chancen, aber Merc & BMW, da habe ich erhebliche Bedenken. Die d√ºrften fr√ºher oder sp√§ter einen √§hnlichen Weg wie Stellantis einschlagen und sich in die Bedeutungslosigkeit fusionieren.

Meine Vermutung ist, das wir nie wieder einen erholten Automarkt sehen werden, da wird auch die eine oder andere Umsatzspitze letztendlich nichts dran √§ndern. Die Zeit der Auto Dominanz l√§uft langsam ab. Das hat nicht nur mit den E-Bikes zu tun, sondern einem Wandel der Mobilit√§t als solches.",2021-11-06T10:53:51,1,0
Erste Tests mit fremden Elektroautos an offenem Tesla-Supercharger > teslamag.de,"Das Zauberwort ist. Standorte.  
Einige Anbieter konnten sich strategisch super Standorte sicher, sind aber dauerhaft viel zu klein. 
Alles unterhalb von 10.000 Ladestellen, ist heute schon zu winzig.  (Europa) 

ich gehe davon aus, dass Tesla und ein zwei andere, auf > 1 Mill. Ladestellen wachsen werden .",2021-11-06T11:04:21,1,0
Erste Tests mit fremden Elektroautos an offenem Tesla-Supercharger > teslamag.de,"Da stimme ich vollumf√§nglich zu!

Das √ñffnen von gerademal 10 (?) Ladestandorten und die Einf√ºhrung der Fremdlader-App lassen da sehr viel f√ºr die Zukunft annehmen. 

Ich vermute, viele Aktion√§re sehen das √§hnlich und werden einen Teufel tun, aktuell gro√ü Gewinne mitzunehmen.",2021-11-05T15:43:51,0,0
Erste Tests mit fremden Elektroautos an offenem Tesla-Supercharger > teslamag.de,"Ich stelle mir den mal den potentiellen Audi, VW oder Porsche K√§ufer vor, wenn der seinen Verk√§ufer fragt, wo er denn sein neues Auto schnell und zuverl√§ssig laden kann und der Verk√§ufer sagt ihm, dass er sich nur bei Tesla registrieren muss und schon funktioniert das.
Wie der K√§ufer sich dann vorkommt?",2021-11-05T12:48:39,3,0
Erste Tests mit fremden Elektroautos an offenem Tesla-Supercharger > teslamag.de,"N√∂. Der l√§dt jetzt schon Plug und Charge bei ionity...
Und bei Tesla muss er mit ner App rumhantieren. ... 
Und wenn keine Verbindung da ist gehts nicht usw... Ist doch voll kompliziert und aufw√§ndig...

Ansonsten nimmt er Jucr. Flat f√ºr 99‚Ç¨ im Monat inkl. ionity...",2021-11-05T16:22:11,0,0
Erste Tests mit fremden Elektroautos an offenem Tesla-Supercharger > teslamag.de,"Du hast echt viel Fantasie bzw. gar keine. 
Wie oft hast du bisher wo deinen Audi geladen? 

IT  und Apps sind √ºberhaupt nicht dein Ding? 

ionity  in Rostock ?  An welche der hundert Lades√§ulen?
In Berlin auch genau Null. 

Also wie immer, voller Hingabe mit Fakten nicht um sich zu werfen.",2021-11-05T16:29:56,2,1
Erste Tests mit fremden Elektroautos an offenem Tesla-Supercharger > teslamag.de,"Den Audi lad ich beim Audi H√§ndler.
Den ID.4 beim VW-H√§ndler.
Den Citigo beim Skoda H√§ndler.
Und das EBike beim Rathaus.

Und du kennst den Unterschied zwischen Ernst und anderem nicht mehr.
Ist ja wie wenn ein Elefant durch Berlin marschiert... ü§™

Die TeslaEnthusiasten sagen doch immer das nur Plug und Charge das wahre ist. Und App oder Karte so kompliziert.
Und warum sollte ich in Rostock laden? Was soll ich da? Hast da ein PV - L√§dchen?

Und das der Taycan Plug und Charge an ionity kann ist Fakt
Und das der Tarif bei Jucr 99‚Ç¨/Monat kostet ist auch Fakt
Und das man an den SuC mit nem Porsche dann mit ner App hantieren muss ist auch Fakt.

Siehste mal, 3 Fakten. Und du?
Besch√§ftigst dich lieber damit an meiner Person rumzun√∂len.
Scheint bei dir so ein Zwang zu sein. Wenn du Spa√ü dran hast.
Du k√∂nntest aber auch mal was argumentativ bringen.",2021-11-05T16:40:41,0,0
Erste Tests mit fremden Elektroautos an offenem Tesla-Supercharger > teslamag.de,"<blockquote>N√∂. Der l√§dt jetzt schon Plug und Charge bei ionity...
Und bei Tesla muss er mit ner App rumhantieren. ... 
Und wenn keine Verbindung da ist gehts nicht usw... Ist doch voll kompliziert und aufw√§ndig...
Ansonsten nimmt er Jucr. Flat f√ºr 99‚Ç¨ im Monat inkl. ionity.</blockquote>

Ich mag dich so, weil du ein typischer User bist, damit musst Du wohl dann leben. Deine Andeutungen sind wie immer total wirres Zeug.  Aber es w√§re ja echt schlimm, wenn sich das √§ndern w√ºrde. 

Extra f√ºr dich , habe ich deinen ganzen Beitrag kopiert, weil Du ja dazu neigst, den Kontext deiner eigenen Worte zu vergessen. Oder ist das Programm? 

Unschwer stellt jeder Leser fest, dass du eine App f√ºr ungeeignet h√§ltst und ausschlie√ülich  Plug und Charge <u>genau dieses</u> Anbieters  f√ºr die einzig zuverl√§ssige Art des Ladens hier anf√ºhrst. 

Sicher muss ich dir jetzt nicht ausf√ºhrten, wie oft Audi Kunden an dem System gescheitert sind und wie oft der Support des Anbieters scheitert.  

Fakt bleibt immer noch, dass der Anbieter keineswegs in der Fl√§che ein Angebot hat, ganz im Gegensatz zu Tesla. 

Dass diese Art des Ladens w√ºnschenswert ist, steht ja nicht zur Diskussion, denn das bietet Tesla ja seit 2014 in Europa an. 

Die App ist eine ""Kr√ºcke"", da stimme ich dir sogar zu, aber anders als der Murks diverser Anbieter, funktioniert sie bestens und wird, sofern Tesla sie ausrollt alles andere zerst√∂ren. 

Oder ich frage dich, denn du bist ja der zweitbeste Experte hier: 

Wie sollte Tesla mit  BEV des fr√ºhen 19. Jahrhundert ( IT und Software der VW bis Audi ) anders kommunizieren?  

Deine Art der Argumentation ist nicht neu und nicht mal kreativ.  Solange du versuchts ""Fakten"" umzudeuten oder gar zu verdrehen, machst du dich nur  noch unglaubw√ºrdiger. 

<u><b>Ich mache dir noch mal ein allerletztes Angebot : </b></u>

Du schreibt deine wirklichen Bedenken, Kritiken und Hinweise auf und ich diskutiere mit dir ernsthaft, so weit das f√ºr mich fachlich m√∂glich ist. 

# Ich gebe es ja offen zu, die meisten Fans hier  geben mir so gar nix. Selbst wenn ich eine konkrete Frage habe, kommt eher wenig.  Ich vermute schon fast, dass die meisten gar keinen Tesla besitzen.  Aber ich bin auch ein echt misstrauischer Mensch. 

# Es gilt f√ºr alle hier, mich kann jeder real treffen, ich habe gar nix zu verbergen. Hier eine Rolle zu spielen, w√§re mir nicht nur zu doof, sondern viel zu anstrengend.",2021-11-05T17:09:11,3,1
Erste Tests mit fremden Elektroautos an offenem Tesla-Supercharger > teslamag.de,"Du scheinst dich gern mit meiner Person zu besch√§ftigen.  Scheint wirklich ein Problem bei dir zu sein. Ich geb dir nen Typ. Les dich meine Kommentare nicht mehr wenn sie dir so nahe gehen.
Du scheinst den Post auf den ich geantwortet habe wohl nicht gelesen zu haben. Deswegen scheinst du den Zusammenhang nicht zu erkennen. Oder du erkennst ihn zwar, willst es aber wegen deines pers√∂nlichen Problems nicht.
Nun, da solltest du dir helfen lassen oder einfach versuchen jemand anderen zu finden den du glaubst maltr√§tieren zu k√∂nnen. 
Deswegen schlage ich vor du lest die obigen Post nochmals durch. Vielleicht kannst du dann den Zusammenhang erkennen.

Und gottseidank kommt zum wiederholten Male der allerletzte Vorschlag von dir. Wenns blo√ü mal der allerletzte w√§re w√ºrde es ja schon sein. 
Obgleich ichs nicht glaube. 
Daher werd ich dir jetzt wieder ne zeitlang nicht antworten
Du darfst dich in der Zeit nat√ºrlich abm√ºhen mir auf deine g√∂nnerhaft und schmeichlerische Art  zu erkl√§ren was du f√ºr √§hmm. ja was eigentlich? 

Na gut. Jedenfalls hab ich weder die Zeit noch die Buntstifte um dir alles zu erkl√§ren.",2021-11-05T19:06:13,0,0
Erste Tests mit fremden Elektroautos an offenem Tesla-Supercharger > teslamag.de,"Au√üer mich  beleidigen  zu wollen kommt nix.  

Ich stimme dir sogar zu, es war eindeutig ein Versuch zu viel.
Ab jetzt konzentriere ich mich darauf, den Inhalt und  Mehrwert deine Beitr√§ge f√ºr andere zu offenbaren. 
Deshalb bekommt du auch einen neuen Namen von mir : Der Schaumschl√§ger",2021-11-06T10:05:44,1,0
Erste Tests mit fremden Elektroautos an offenem Tesla-Supercharger > teslamag.de,"Ich gehe mal davon aus, sollte sich die √ñffnung f√ºr Tesla positiv entwickeln, werden neue V4 Charger dann l√§ngere Kabel bekommen.",2021-11-05T07:56:44,3,0
Erste Tests mit fremden Elektroautos an offenem Tesla-Supercharger > teslamag.de,"Funktioniert aber nur, wenn sie einziehbar sind, wie ein Tankschlauch bei der Zapfs√§ule.... oder sie haben eine sehr hohe Aufh√§ngung.",2021-11-05T11:43:02,0,0
Erste Tests mit fremden Elektroautos an offenem Tesla-Supercharger > teslamag.de,"So wie bei ionity vielleicht?
Da werden sich bei Tesla schon welche Gedanken machen.",2021-11-05T16:15:11,0,0
Erste Tests mit fremden Elektroautos an offenem Tesla-Supercharger > teslamag.de,"Die Begeisterung dieser Leute, spricht B√§nde.",2021-11-05T07:27:03,3,0
Erste Tests mit fremden Elektroautos an offenem Tesla-Supercharger > teslamag.de,"Sehe ich auch so... keinen Tesla fahren zu m√ºssen, und dennoch am SuC laden zu k√∂nnen... üëç


Das belebt hoffentlich dann auch das Ladegesch√§ft/-wettbewerb in Deutschland, sobald es bei uns verf√ºgbar ist... das rechne ich Tesla/Musk schon hoch an... OK, verdienen ja auch dran :)",2021-11-05T07:35:40,4,0
Erste Tests mit fremden Elektroautos an offenem Tesla-Supercharger > teslamag.de,"Sehr gut, sp√ºlt einen Haufen Geld in die Tesla Kasse. Vielen Dank an die VW und Audi Fahrer und Ionity.",2021-11-05T07:44:06,4,1
Erste Tests mit fremden Elektroautos an offenem Tesla-Supercharger > teslamag.de,"Macht sich bestimmt auch sehr gut, wenn der VW-/Audi-/BMW-/Mercedes-H√§ndler sagt, man soll sich bei Tesla registrieren um am Supercharger laden zu k√∂nnen.",2021-11-05T08:36:42,7,0
Erste Tests mit fremden Elektroautos an offenem Tesla-Supercharger > teslamag.de,das √ºbernehmen bestimmt schon gen√ºgend YouTuber...siehe oben....,2021-11-05T11:38:06,1,0
Erste Tests mit fremden Elektroautos an offenem Tesla-Supercharger > teslamag.de,"Das denk ich weniger. Wieso sollt ich mehr zahlen und von der AB abfahren?
Als Fallback vielleicht.
Warum laden Teslas denn an ionity oder EnBW?",2021-11-05T16:17:17,0,0
Erste Tests mit fremden Elektroautos an offenem Tesla-Supercharger > teslamag.de,"Weil Tesla sein SuC Netz Dank passend erlassener Gesetze in Deutschland kaum ausgebaut hat.

Nun macht Tesla die Not zur Tugend und dreht den deutschen OEMs schon wieder eine Nase. üòâ",2021-11-05T19:00:02,1,0
Erste Tests mit fremden Elektroautos an offenem Tesla-Supercharger > teslamag.de,"Ich vermute, TESLA k√∂nnte jederzeit steuern, wie hoch der Anteil der Lades√§ulen am Lades√§ulenstandort ist, der durch Fremdlader genutzt werden kann. √úber die App k√∂nnte ja dem Fremdlader zugewiesen werden, welche der S√§ulen er bitte nutzen soll (und dann auch nur kann).

Insofern sehe ich kein Problem f√ºr TESLA-Fahrer.


Was mich viel mehr interessieren w√ºrde und ich sehr spannend finde:
Wir sehen jetzt (als Pilotprojekt) die √ñffnung in Richtung Nutzer. Werden wir auch eine √ñffnung in Richtung Anbieter sehen?
Also k√∂nnten sich Kommunen/Unternehmensstandorte/Parkhausbetreiber/Ferienanlagen.... in das System einklinken? Sie bringen die frequentierten Standorte. TESLA bringt Hardware und Abrechnung. Es gibt eine Umsatzteilung. Vor Ort l√§uft es unter dem Namen des Parkhausbetreibers etc. ""powerd by TESLA"". Die Nutzerseite nutzt das Ganze dann √ºber die TESLA-App.",2021-11-05T09:16:59,1,0
Erste Tests mit fremden Elektroautos an offenem Tesla-Supercharger > teslamag.de,"Alles sch√∂n und gut.... denke aber, dass es Streit provozieren wird, wenn Teslafahrer warten m√ºssen, bis 'Fremdmarken' einen Platz frei gemacht haben.",2021-11-05T07:50:55,1,0
Erste Tests mit fremden Elektroautos an offenem Tesla-Supercharger > teslamag.de,"Was soll man da streiten? Sie bezahlen ja f√ºrs laden.
Ich wei√ü nat√ºrlich was du meinst. Aber da muss Tesla mal zusehen, wie sie Ihre Supercharger umgestaltet, damit keine Pl√§tze frei bleiben m√ºssen.",2021-11-05T07:54:12,1,1
Erste Tests mit fremden Elektroautos an offenem Tesla-Supercharger > teslamag.de,"Warum soll Tesla umbauen? Wenn das Fremdfabrikat Laden m√∂chte ohne andere einzuschr√§nken, sollen die sich gef√§lligst Verl√§ngerungskabel besorgen.
Am Ende behauptet noch jemand das Tesla seine Autos falsch baut.....",2021-11-05T10:37:59,4,0
Erste Tests mit fremden Elektroautos an offenem Tesla-Supercharger > teslamag.de,"Verl√§ngerungskabel f√ºr einen Supercharger? ;)
Tesla hat alles richtig gebaut, allerdings nur f√ºr Teslas.
Wenn der Elon zur Ladeparty l√§dt, dann muss auch f√ºr alle G√§ste einen Platz anbieten *g*
Sch√∂n das du mal wieder schreibst :)",2021-11-05T14:13:45,1,0
Erste Tests mit fremden Elektroautos an offenem Tesla-Supercharger > teslamag.de,"Richtig. Tesla hat einen Standard nach dem sich die anderen richten k√∂nnen. Wenn VW, Audi, BMW und Daimler auch in den Genuss kommen wollen gut und zuverl√§ssig laden zu k√∂nnen, dann richtet man sich a) nach dem Tesla Standart, oder, b) baut auch Ladestationen a la Tesla auf.
Danke, habe es etwas ruhiger angehen lassen.",2021-11-05T14:34:20,0,0
Erste Tests mit fremden Elektroautos an offenem Tesla-Supercharger > teslamag.de,"Das halte ich f√ºr schlicht unm√∂glich, dass sich genannte Unternehmen an Tesla-Standard ausrichten werden. DIe waren vor kurzen doch noch der Meinung, dass Ladeinfrastruktur nicht zu ihren Aufgabenbereich geh√∂rt. Jeder von Ihnen h√§lt doch seine Ladeportposition f√ºr die beste L√∂sung. DIe Erwartungshaltung der Kunden ist doch, dass sie mit ihrem Auto an die Lades√§ule fahren k√∂nnen und bequem den Stecker in den Ladeport bekommen und los gehts.
Jaja, ich wei√ü das es Planungen gibt nur bestimmte Stalls f√ºr Fremdfahrzeuge freizugeben. Aber die Balance zwischen Mission und eigene Kunden zu wahren ist da nicht so einfach. Ich glaube ich habe Verlust√§ngste *g*",2021-11-05T15:13:24,0,0
Erste Tests mit fremden Elektroautos an offenem Tesla-Supercharger > teslamag.de,gibt es √ºberhaupt Verl√§ngerungskabel f√ºr Schnelllader?,2021-11-05T11:40:18,1,0
Erste Tests mit fremden Elektroautos an offenem Tesla-Supercharger > teslamag.de,Sicher gibt es f√ºr Typ2 Verl√§ngerungskabel. Habe selber eines im Auto (wenn auch noch nie gebracht :-) ),2021-11-05T12:06:28,1,0
Erste Tests mit fremden Elektroautos an offenem Tesla-Supercharger > teslamag.de,"Offiziell sind Verl√§ngerungskabel an Lades√§ulen nicht erlaubt. Warum?
Die Steckverbindung ist nicht miteinander verriegelt und √ºberwacht.  Man kann also jederzeit die Steckverbindung auch unter Last auseinanderziehen. 
Des weiteren k√∂nnen durch steigende √úbergangswiderst√§nde die Ausgangsleistung falsch berechnet werden.
Und dann noch die Haftung. 
Du verl√§ngert mit deinem Kabel, bei Regen dringt Wasser in die Verbindung und der danebenstehende wirft sich mit 3 Saltos in den Graben.  Viel Spa√ü dann. 
Nein, es ist richtig das es nicht erlaubt ist.  Besonders bei 400V und 250kW.
Da laufen Str√∂me von bis zu 600A.... Das ist mehr als kribbeln....",2021-11-05T16:50:02,0,0
Erste Tests mit fremden Elektroautos an offenem Tesla-Supercharger > teslamag.de,Nein. Verboten. Was China Leutchen anbieten.... üôàüôà,2021-11-05T16:50:33,0,0
Erste Tests mit fremden Elektroautos an offenem Tesla-Supercharger > teslamag.de,"Kann ich nicht sagen. Aber k√∂nnen die VW √ºberhaupt schnell? Ich wei√ü, ketzerisch....",2021-11-05T12:22:16,0,0
Erste Tests mit fremden Elektroautos an offenem Tesla-Supercharger > teslamag.de,"Schnellladerkabel kann man nicht durch Dranstecken verl√§ngern, da sie intern eine K√ºhlung haben, die nicht mehr gew√§hrleistet ist, wenn man einfach was dranh√§ngt.",2021-11-05T12:05:08,0,0
Erste Tests mit fremden Elektroautos an offenem Tesla-Supercharger > teslamag.de,es gibt ja auch noch die ohne K√ºhlung....eben langsamer....,2021-11-05T12:09:35,1,0
Erste Tests mit fremden Elektroautos an offenem Tesla-Supercharger > teslamag.de,"Die Wallboxen und Lader, die ich alle kenne, kann man nicht verl√§ngern, da die Pins so verbaut sind, dass zumindest einer zu kurz ist. Die L√§nge der Verbauten Kabel ist ja Voraussetzung f√ºr den Querschnitt etc, damit keine zu gro√üe W√§rme entsteht. Ich wei√ü nicht, wie es bei allen aussieht, aber bei unseren 11kW Wallboxen ist das schon der Fall.",2021-11-05T12:58:52,0,0
Kreatives Parken verk√ºrzt Warten am Tesla-Supercharger > teslamag.de,"Das hab ich eh nie verstanden warum Lades√§ulen immer am Rand einer Aussenkannte stehen und nicht mittig.

So kann 1 Ladekabel an 4 Stellpl√§tzen genutzt werden. Sprich. Es darf von 3 Autos 1 S√§ule zugeparkt sein und man kommt trotzdem noch ran. Das w√ºrde auch dieses Problem hier l√∂sen.",2022-06-02T07:51:40,5,0
Kreatives Parken verk√ºrzt Warten am Tesla-Supercharger > teslamag.de,Dann braucht man aber auch 4 Parkpl√§tze f√ºr einen Ladepunkt.,2022-06-02T10:06:16,0,0
Kreatives Parken verk√ºrzt Warten am Tesla-Supercharger > teslamag.de,"Meistens sieht das so aus.

Parkplatz mit 40 Pl√§tzen und an 2-6 am Rand sind S√§ulen.

Oder AC S√§ulen w√ºrde ich immer im Abstand von 4 Pl√§tzen machen und nich von 2.

So kann man auch vom 2 und 3 Platz mit einem 7.5m Kabel laden wenn die Hauptpl√§tze an der S√§ule zugeparkt sind oder der Ladevorgang beendet ist und der Stecker entriegelt.",2022-06-02T10:50:38,2,0
Kreatives Parken verk√ºrzt Warten am Tesla-Supercharger > teslamag.de,"Bei AC-Pl√§tzen bin ich bei dir, da flexibler und weit weniger Kosten. 
Aber ich denke, dass die S√§ulen wegen den Zuleitungen bevorzugt am Rand stehen, da man hier nicht den Bodenbelag aufreissen muss, quer √ºber den Parkplatz. Oder wegen Sicherheitsbedenken, da mittige S√§ulen eher an/umgefahren werden. Auch bei der Schneer√§umung schwieriger. 
Die Post hier in meiner Stadt hat das so, wie von dir beschrieben, um ihre Fahrzeuge zu laden.",2022-06-03T07:06:43,0,0
Kreatives Parken verk√ºrzt Warten am Tesla-Supercharger > teslamag.de,"Tesla k√∂nnte einfach Verl√§ngerungskabel verkaufen f√ºr Fremdlader, damit w√§re das Problem gel√∂st",2022-06-02T11:21:43,2,0
Kreatives Parken verk√ºrzt Warten am Tesla-Supercharger > teslamag.de,"Ist auf jeden Fall kein schlechter Gedanke. Aber die K√ºhlung kannst du dann an dem Verl√§ngerungsst√ºck vergessen, somit auch die Spitzenleistung, oder?",2022-06-02T11:45:26,0,0
Kreatives Parken verk√ºrzt Warten am Tesla-Supercharger > teslamag.de,"Soweit ich wei√ü werden die Tesla Kabel nicht gek√ºhlt.


Die meisten Fremdmarken haben sowieso eine geringere maximale Ladeleistung als Tesla. Und wem das zu langsam ist, kann ja auch Ionity w√§hlen.",2022-06-02T12:59:10,1,0
Kreatives Parken verk√ºrzt Warten am Tesla-Supercharger > teslamag.de,V3 werden fl√ºssig gek√ºhlt,2022-06-02T13:02:19,1,0
Kreatives Parken verk√ºrzt Warten am Tesla-Supercharger > teslamag.de,"Wie w√§re es denn, wenn Tesla einfach die Kabel an den SC 2m l√§nger macht ? Wenigstens an jedem Zweiten Charger",2022-06-02T06:07:05,1,0
Kreatives Parken verk√ºrzt Warten am Tesla-Supercharger > teslamag.de,"Ich glaube, das Problem wird man durch ""Masse"" (an Ladepunkten) erledigen. Mit steigenden stabilen Ladeleistungen und Leistungsleitung ist punktueller Leerstand kein Problem.",2022-06-02T08:32:52,2,0
Kreatives Parken verk√ºrzt Warten am Tesla-Supercharger > teslamag.de,"Man ben√∂tigt 50 Ladepunkte, baut aber 100 um 50 Leerstand zu haben? Sehr effektiv. Toller Umweltschutz bei der doppelten Bodenversiegelung.
Man sollte etwas weiter denken.",2022-06-02T08:37:45,0,1
Kreatives Parken verk√ºrzt Warten am Tesla-Supercharger > teslamag.de,"Keine Sorge. Wenn man nur ein bisschen nachdenkt kommt man auf kreativere L√∂sungen...


√úgrigens: Wenn es keine Verbrenner mehr gibt, kann jeder Parkplatz mit einer Lades√§ule ausgestattet werden.",2022-06-02T13:02:31,0,0
Kreatives Parken verk√ºrzt Warten am Tesla-Supercharger > teslamag.de,"Warum muss darauf warten dass es keine Verbrenner mehr gibt?
Verbrenner wird es noch mindestens 1 Jahre geben,  nicht Verkauf sondern Bestand",2022-06-02T13:04:26,0,0
Kreatives Parken verk√ºrzt Warten am Tesla-Supercharger > teslamag.de,1 Jahr? Ist ja nicht lange;-),2022-06-02T13:57:02,0,0
Kreatives Parken verk√ºrzt Warten am Tesla-Supercharger > teslamag.de,"Sorry, meinte 15 Jahre, Fahrzeugbestand, nicht Produktion",2022-06-03T10:09:06,0,0
Kreatives Parken verk√ºrzt Warten am Tesla-Supercharger > teslamag.de,"Nebenbei, warum m√ºssen sich die Fahrzeuge √ºberhaupt dahin quetschen. Ich dachte Supercharger w√§ren zu teurer und niemand w√ºrde sie brauchen (haben sie doch auch versucht zu erkl√§ren). Sieht mal ganz anders aus.",2022-06-02T11:14:58,0,0
Kreatives Parken verk√ºrzt Warten am Tesla-Supercharger > teslamag.de,"Erstmal ist die Zahl sicher ganz weit daneben. Nasenlader z.B. k√∂nnen auch L√ºcken beliebig auff√ºllen.
Viele Ladem√∂glichkeiten entstehen auch auf Fl√§chen, diese sowieso schon versiegelt sind.
Au√üerdem ist es auch nicht nachhaltig, wenn man f√ºr wenige Ladepunkte, die man f√ºr wenige Stunden im Jahr braucht, f√ºr ALLE Ladepunkte mehr Material (Kabel) und dauerhaft h√∂here Verluste mitschleift.",2022-06-02T10:53:00,0,0
Kreatives Parken verk√ºrzt Warten am Tesla-Supercharger > teslamag.de,"Kennst du einen Suc der auf einer bereits versiegelten Fl√§che gebaut wurde? 
Wo wird wohl mehr Material verbraucht, wenn die Kabel l√§nger sind oder wenn ich zus√§tzliche Lader aufstelle weil ich davon ausgehe dass durch Fremdlader x% blockiert werden?",2022-06-02T11:00:39,0,0
Kreatives Parken verk√ºrzt Warten am Tesla-Supercharger > teslamag.de,"Es ist deutlich schwieriger welche zu nennen, wo neue Fl√§che versiegelt wurde? Ein paar Beispiele, die mir einfallen: Reinfeld -> Parkplatz eines B√§ckers, Hamburg Stillhorn -> Hotel, Kaltenkirchen -> M√∂belhandel, Troisdorf -> Restaurant/Golfplatz, Motten -> Restaurant, alle neuen Standorte an Globus-M√§rkten. Liste l√§sst sich lange weiterf√ºhren. Alles vorher schon da und bereits versiegelt.
Nennen sie mir mal genauso viele, die frisch versiegelt wurden.

Statt z.B. 40 Ladepunkte mit 2 Metern mehr auszustatten hat man mit 1-2 zus√§tzlichen Ladepunkten weniger Kabel verbraucht. Verluste kommen noch dazu.",2022-06-02T12:20:32,0,0
Kreatives Parken verk√ºrzt Warten am Tesla-Supercharger > teslamag.de,1m w√ºrde schon reichen,2022-06-02T11:20:00,0,0
Kreatives Parken verk√ºrzt Warten am Tesla-Supercharger > teslamag.de,"W√§re nicht DAU-sicher. Wenn dann jemand trotzdem das kurze Kabel nimmt und wieder 2 Pl√§tze blockiert, w√§re die Ver√§rgerung noch gr√∂√üer.",2022-06-02T07:15:59,0,0
Kreatives Parken verk√ºrzt Warten am Tesla-Supercharger > teslamag.de,"Das w√§re halt wieder durch den erh√∂hten Kabelwiderstand mit Effizienzverlusten verbunden.
Aber ja, w√§re eine M√∂glichkeit.",2022-06-02T06:15:12,0,0
Kreatives Parken verk√ºrzt Warten am Tesla-Supercharger > teslamag.de,"Naja, der h√∂here Widerstand ist messbar aber in der Realit√§t zu vernachl√§ssigen.",2022-06-02T08:29:28,1,0
Kreatives Parken verk√ºrzt Warten am Tesla-Supercharger > teslamag.de,"Naja, bei einem derart hohen Strom ist die Verlustleistung anscheinend so relevant das gek√ºhlt werden muss. W√§rme in der Menge ist dann einiges an Energie. Doppelte l√§nge (grob gesch√§tzt) ergibt doppelte Verlustleistung. Das f√ºhrt zu einer h√∂heren K√ºhlleistung. Das auf die Anzahl der Ladepunkte gerechnet kann dann schon sehr Relevant werden (zumindest in meiner kleinen Welt). Ist nicht als Kritik zu verstehen, nur mein Denkansatz bei der Kabell√§nge.",2022-06-02T10:36:57,0,0
Kreatives Parken verk√ºrzt Warten am Tesla-Supercharger > teslamag.de,"Du hast schon recht, bei der hohen Ladeleistung ist ein Verlust vorhanden. Aber 200KW werden nur kurz geladen, meist sind es eh nur 130KW. Bei einer Ladung von 50KWh fallen vielleicht 0,5-1KW zus√§tzlicher Verlust an (gesch√§tzt). Das w√§ren 20-40 Cent je Ladung. Ist auf jeden fall besser wie MichaelEVs Vorschlag einfach die Ladepunkte verdoppeln und die H√§lfte leer lassen. √úberleg mal wieviel Boden da wieder zubetoniert (geteert) wird. Umweltschutz ist was anderes",2022-06-02T10:56:21,1,0
Kreatives Parken verk√ºrzt Warten am Tesla-Supercharger > teslamag.de,"Die doppelte Anzahl zu platzieren w√§re am Ende eine verdoppelung der Investitionskosten bei gleichem Umsatz. Das w√§re der Horror, nat√ºrlich auch vom √∂konomischen Gesichtspunkt.
Eine Utopie w√§re es die Ladeports am KFZ immer an der selben Stelle zu platzieren, aber das w√§re auch zu einfach. Das will doch niemand.",2022-06-02T11:40:53,0,0
Kreatives Parken verk√ºrzt Warten am Tesla-Supercharger > teslamag.de,"Dann aber bitte in L√§ndern mit Rechtsverkehr auf der rechten Seite, so dass am Stra√üenrand geladen werden kann üëç",2022-06-02T18:26:33,0,0
Kreatives Parken verk√ºrzt Warten am Tesla-Supercharger > teslamag.de,"Die doppelte Anzahl zieht sich Pumuckl aus der Nase, mit ein bisschen Ladeetiquette (die sich sogar technisch erzwingen l√§sst) sind es 1 vielleicht 2 Ladepunkte pro Standort.
Mit den Investitionskosten stimmt nicht. Der Ladepunkt kostet kaum etwas, die Investition steckt im Power Cabinet. Und die Leistung des leeren Ladepunktes verteilt sich auf andere Ladepunkte.

Bei Ionity mit dem Rastst√§ttenprinzip, wo zwei Seiten getrennt versorgt werden m√ºssen, k√∂nnten z.B. auch 2x 6 Ladepunkte durch 8 oder max. 10 von beiden Richtungen aus erreichbare Ladepunkte ersetzt werden. Hier interessiert Fl√§chenversiedlung oder Investitionskosten seltsamerweise nicht die Bohne. Kurios.",2022-06-02T12:36:19,0,0
Kreatives Parken verk√ºrzt Warten am Tesla-Supercharger > teslamag.de,"Das einfachste f√ºr die Zukunft w√§re eine EU weite Pflicht f√ºr eine Steckdose vorn ('Nasenlader') bei allen neuen Modellen auf dem Markt. Das w√ºrde auch den Bullshit mit der Platzierung vor der Fahrert√ºr erledigen. Ich frage mich jedesmal wieder wenn ich Fahrzeuge auf der Strasse laden sehe, deren Stecker in den Verkehr ragen, wer sich diesen Unsinn ausgedacht hat.



Aber auf die sinnvollsten L√∂sungen mu√ü man mindestens solange warten wie auf den CCS Standard.",2022-06-02T12:55:14,0,0
Kreatives Parken verk√ºrzt Warten am Tesla-Supercharger > teslamag.de,"Wenn ich schon dort stehe, mache ich kein Foto davon. Das kann teuer werden wenn der Grundst√ºckseigent√ºmer eine  Anzeige wegen Flurschaden macht.",2022-06-02T09:41:13,0,1